{"mean": [37.52, 43.86507692307692, 49.31138461538462, 30.53153846153846, 43.18676923076923, 35.11784615384615, 26.855076923076922, 32.34446153846154, 35.809384615384616, 52.39938461538461, 38.349384615384615, 39.263230769230766, 35.09676923076923, 37.189846153846155, 34.703538461538464], "std": [26.514920037884043, 28.849793153402032, 32.54904880457861, 26.976458496580893, 27.716074930663076, 25.68487052376331, 20.425638046569496, 22.86789402235701, 27.998485748995183, 35.114873459587464, 27.7075483953893, 23.91597667525541, 25.162518316409997, 22.769594198762775, 27.979777638681462]}