Horizon,LearningRate,WindowSize,RMSE,NormalizedRMSE
3,0.01,6,7.820171288679811,0.3285344076918286
3,0.001,6,5.087127697386182,0.21371609690094281
3,1e-4,6,14.91172289333149,0.626458662806654
3,0.001,12,5.017700507811822,0.21071536267648755
3,0.001,18,5.049126820850267,0.2119051508570526
6,0.001,6,5.041065206745708,0.21177442815404462
6,0.001,12,5.1144470864894735,0.21477125713008083
6,0.001,18,5.237997539238857,0.21982422705338875
