{"mean": [-3.240153846153846, -4.222769230769231, -4.900461538461538, -4.316923076923077, -2.5233846153846153, -4.374307692307692, -4.449846153846154, -4.6589230769230765, -6.748769230769231, -6.076769230769231, -6.852769230769231, -6.7633846153846156, -3.9573846153846155, -6.0586153846153845, -5.301230769230769, -8.459076923076923, -4.364307692307692, -3.9353846153846153, -3.579846153846154, -4.5976923076923075, -5.641538461538461, -8.522923076923076, -4.158461538461538, -6.443846153846154, -4.514, -4.886153846153846, -5.586615384615385, -8.979846153846154, -7.997692307692308, -5.296923076923077, -4.683076923076923, -4.787230769230769, -3.9804615384615385, -12.649692307692307, -7.407384615384616, -5.4173846153846155, -5.347538461538462, -5.850615384615384, -5.395846153846154, -5.6683076923076925, -6.083846153846154, -5.351384615384616, -4.546769230769231, -5.424153846153846, -6.331538461538462, -6.711538461538462, -4.493230769230769, -6.2944615384615386, -6.0958461538461535, -6.139538461538462, -5.643692307692308, -3.5784615384615384, -9.099230769230768, -5.684461538461538, -4.328307692307693, -12.030615384615384, -9.258307692307692, -6.128461538461538, -7.122461538461539, -8.04676923076923, -5.437538461538462, -6.46, -6.993076923076923, -7.513846153846154, -4.738307692307692, -7.274461538461538, -5.677538461538462, -6.679538461538462, -5.513538461538461, -4.8929230769230765, -5.535692307692308, -4.327692307692308, -5.533538461538462, -4.82923076923077, -3.8421538461538463, -4.765692307692308, -9.564769230769231, -6.42, -4.932, -6.476923076923077, -5.909692307692308, -5.889692307692307, -6.865230769230769, -7.347538461538462, -5.224, -5.51676923076923, -4.344307692307693, -5.021846153846154, -6.803230769230769, -5.937076923076923, -7.945076923076923, -7.548307692307692, -6.048923076923077], "std": [3.2919977532040625, 3.3664276924187786, 3.4816573996475744, 3.468121603349759, 3.073746036715599, 3.6690034149850006, 3.7710363775687377, 4.096543241874102, 4.283398006864071, 3.890475394203054, 4.422879329365677, 6.233557886872799, 2.7144398923155553, 4.10288205530738, 4.192524302096368, 6.566911397436024, 3.3843376669279004, 3.0917473659967643, 3.2803742714737214, 4.392633087771728, 3.9983224292846504, 5.463439103736463, 3.036870469499928, 3.7831713161183425, 2.848581995417261, 3.4786326634326583, 3.7872302755131373, 5.8585422162350484, 6.983309391625979, 3.277262893178684, 3.443860500648799, 3.526880080268071, 2.994675238983728, 7.832548945410333, 7.485588672586006, 3.5106570837612883, 4.1781098158301315, 3.6371998430420143, 3.7031480962128973, 3.569461743189675, 4.776308581806566, 3.507386437406317, 2.90825832504733, 3.77399212925994, 4.330154280701157, 5.390392230846181, 3.3156668236128763, 4.5428286785181395, 4.3989034970468905, 3.8314576180991406, 3.932992428646028, 3.2135047872613294, 6.235592577526166, 4.208632714486236, 3.742343802497931, 8.27709450637454, 5.383983389284802, 3.5403549282171523, 4.060741133858821, 3.7057083233188757, 3.243304122825378, 3.674414657727551, 3.8443302599970512, 4.655877242733992, 3.0405936005633807, 3.2279157508637915, 3.280199820728202, 3.628381258386861, 3.40943957983137, 3.1843239703159902, 3.238012671249388, 3.397556030773962, 3.506470691458745, 2.8175943408912656, 2.559448553772528, 3.612332495655902, 5.305059010095149, 3.47154144437309, 2.9896216380106595, 3.578773714804437, 3.8510336151902704, 3.30914605262946, 3.734659744646629, 3.7847855465185996, 3.4287440176340866, 3.9440153719829576, 3.5438666276478594, 2.698743235888594, 3.8256489073267264, 3.8090835655663233, 6.9468686079140225, 4.2131265821991555, 3.2411404085489717]}