{"mean": [-4.384745076881575, -4.614985163204747, -4.390544915025627, -6.609320205017535, -3.3909495548961424, -5.2417723226328565, -4.650121391961155, -7.516050714863772, -6.141893714594011, -6.422713784731589, -6.492446722417049, -8.850148367952523, -4.177839223091449, -7.769152953871055, -6.816967898570272, -7.496088481251686, -7.364850283247909, -6.616536282708389, -6.9588616131642835, -8.1632721877529, -4.469854329646615, -8.892568114378204, -4.470798489344483, -8.246897760992717, -6.1582816293498785, -5.728082007013758, -8.008902077151335, -7.746290801186944, -8.40646074993256, -5.445778257350957, -5.904639870515242, -7.676827623415161, -4.612085244132722, -15.223428648502832, -12.077555975182088, -6.978891286754788, -9.249258160237389, -7.250337199892096, -7.58072565416779, -6.95663609387645, -8.135352036687348, -7.245279201510655, -6.053884542756946, -6.669678985702725, -6.713717291610466, -7.259778796870785, -5.05786350148368, -7.511734556244942, -6.363838683571621, -8.019018073914216, -7.526301591583491, -7.2518883193957375, -9.660574588616132, -6.917992986242244, -6.7189776099271645, -15.727744807121661, -10.033719989209603, -5.775222551928783, -8.657876989479364, -7.341448610736444, -7.194496897760993, -6.213110331804693, -6.698273536552469, -9.821688697059617, -6.862557323981656, -6.861478284326949, -5.449150256271918, -6.440045859185325, -5.457445373617481, -6.94813865659563, -7.582681413541947, -6.356622605880766, -6.498988400323712, -5.037294308065821, -4.117278122471001, -5.866131642837875, -8.783787429188022, -7.1291475586727815, -5.4183976261127595, -7.263487995683842, -6.813663339627731, -6.507216077690855, -6.874224440248179, -6.86984084165093, -7.427434583220934, -5.884677636903156, -5.95838953331535, -5.280347990288643, -6.239411923388184, -6.619436201780416, -9.49993256002158, NaN, NaN], "std": [3.466009263434781, 3.4732876972141384, 3.362760348572171, 3.509551804365537, 2.7711063818134853, 3.738702487812673, 3.864675694160398, 4.545688542148366, 3.2847245964772864, 3.1732463151763963, 3.5187094261900014, 5.8981156642694845, 2.728720523966614, 4.029537644487896, 4.090980846150004, 6.033864805380408, 3.4248075442043078, 3.827280094673416, 4.336071698680882, 5.061675973982878, 2.9570881691403117, 5.148940697128832, 3.0605387555290604, 3.966503150320562, 3.1211003509319903, 3.1107342485169167, 4.203827120363663, 4.5624103805829925, 5.162566683077966, 3.3626405313876284, 3.2794818799917564, 4.2223358033905, 3.1704427447095163, 7.754080266724754, 7.056101111552233, 3.625067025163404, 5.123407868781771, 3.641738197945306, 3.855621803238957, 3.588725836530142, 4.727375723265091, 3.613425864171509, 2.7711463039258954, 4.195390418087635, 3.946411757649931, 5.354957390952722, 3.0706143224034967, 3.5405180819845867, 4.402926613802646, 3.9745501151316858, 4.423103919831338, 4.34693983942327, 5.234497529395846, 4.123255117882957, 4.1045315981130805, 6.903111437409094, 5.427745588605711, 3.4335361174940533, 4.149270121232802, 3.8441818895628828, 3.6539061115916067, 2.8250938635690073, 3.236539386453239, 5.128024743909222, 3.120931576932681, 2.229142700241968, 2.9751540515143153, 2.895976632521596, 2.6684185924714785, 3.3665462381254883, 3.1764453832750577, 3.4576143640733337, 2.737762885670556, 2.654256068979918, 2.6750182256869097, 3.2596195264444363, 5.143783864290914, 3.0675965398833043, 3.2626903690049414, 3.646242882678871, 3.2392062237999375, 3.0443425961016786, 3.02340510987095, 3.719972784826981, 3.2910776825564456, 3.1389114284141906, 2.8908444811636005, 2.6849146638925716, 2.994218055467641, 2.980983231340951, 5.731475478749977, NaN, NaN]}