{"mean": [-4.390544915025627, -6.141893714594011, -4.469854329646615, -8.892568114378204, -4.470798489344483, -8.246897760992717, -6.1582816293498785, -5.728082007013758, -8.008902077151335, -7.746290801186944, -8.40646074993256, -5.445778257350957, -5.904639870515242, -7.676827623415161, -9.249258160237389, -7.58072565416779, -6.95663609387645, -8.135352036687348, -6.053884542756946, -6.669678985702725, -6.713717291610466, -5.05786350148368, -7.511734556244942, -8.019018073914216, -7.526301591583491, -15.727744807121661, -6.213110331804693, -6.698273536552469, -9.821688697059617, -6.862557323981656, -6.861478284326949, -5.449150256271918, -6.440045859185325, -5.457445373617481, -6.94813865659563, -6.356622605880766, -6.498988400323712, -5.037294308065821, -5.95838953331535, -6.239411923388184, -6.619436201780416], "std": [3.362760348572171, 3.2847245964772864, 2.9570881691403117, 5.148940697128832, 3.0605387555290604, 3.966503150320562, 3.1211003509319903, 3.1107342485169167, 4.203827120363663, 4.5624103805829925, 5.162566683077966, 3.3626405313876284, 3.2794818799917564, 4.2223358033905, 5.123407868781771, 3.855621803238957, 3.588725836530142, 4.727375723265091, 2.7711463039258954, 4.195390418087635, 3.946411757649931, 3.0706143224034967, 3.5405180819845867, 3.9745501151316858, 4.423103919831338, 6.903111437409094, 2.8250938635690073, 3.236539386453239, 5.128024743909222, 3.120931576932681, 2.229142700241968, 2.9751540515143153, 2.895976632521596, 2.6684185924714785, 3.3665462381254883, 3.4576143640733337, 2.737762885670556, 2.654256068979918, 2.8908444811636005, 2.994218055467641, 2.980983231340951]}