{"mean": [-4.900461538461538, -6.748769230769231, -5.641538461538461, -8.522923076923076, -4.158461538461538, -6.443846153846154, -4.514, -4.886153846153846, -5.586615384615385, -8.979846153846154, -7.997692307692308, -5.296923076923077, -4.683076923076923, -4.787230769230769, -5.347538461538462, -5.395846153846154, -5.6683076923076925, -6.083846153846154, -4.546769230769231, -5.424153846153846, -6.331538461538462, -4.493230769230769, -6.2944615384615386, -6.139538461538462, -5.643692307692308, -12.030615384615384, -6.46, -6.993076923076923, -7.513846153846154, -4.738307692307692, -7.274461538461538, -5.677538461538462, -6.679538461538462, -5.513538461538461, -4.8929230769230765, -4.327692307692308, -5.533538461538462, -4.82923076923077, -4.344307692307693, -6.803230769230769, -5.937076923076923], "std": [3.4816573996475744, 4.283398006864071, 3.9983224292846504, 5.463439103736463, 3.036870469499928, 3.7831713161183425, 2.848581995417261, 3.4786326634326583, 3.7872302755131373, 5.8585422162350484, 6.983309391625979, 3.277262893178684, 3.443860500648799, 3.526880080268071, 4.1781098158301315, 3.7031480962128973, 3.569461743189675, 4.776308581806566, 2.90825832504733, 3.77399212925994, 4.330154280701157, 3.3156668236128763, 4.5428286785181395, 3.8314576180991406, 3.932992428646028, 8.27709450637454, 3.674414657727551, 3.8443302599970512, 4.655877242733992, 3.0405936005633807, 3.2279157508637915, 3.280199820728202, 3.628381258386861, 3.40943957983137, 3.1843239703159902, 3.397556030773962, 3.506470691458745, 2.8175943408912656, 3.5438666276478594, 3.8256489073267264, 3.8090835655663233]}