{"mean": [-6.018083182640145, -5.6453887884267635, -3.918264014466546, -6.991139240506329, -7.391862567811935, -6.723869801084991, -5.447920433996384, -7.512296564195299, -5.663833634719711, -6.7374321880651, -5.286799276672695, -4.962929475587703, -4.936528028933092, -5.14629294755877, -5.212115732368897, -5.569258589511754, -7.747558770343581, -4.099819168173599, -5.627848101265823, -4.115732368896926, -4.2945750452079565, -5.398372513562387, -8.600180831826401, -7.366907775768535, -5.278661844484629, -3.9636528028933093, -5.522965641952983, -4.765641952983725, -5.015732368896926, -5.47866184448463, -5.2126582278481015, -4.361121157323689, -5.316998191681736, -6.126763110307414, -4.2945750452079565, -5.650994575045208, -6.1936708860759495, -6.076130198915009, -12.888065099457505, -3.230741410488246, -2.3394213381555153, -3.020614828209765, -1.0909584086799278, -2.7106690777576854, -1.9059674502712478, -3.3661844484629295, -2.220614828209765, -7.229113924050633, -5.0913200723327305], "std": [3.9156613182301996, 4.092281081623493, 3.685391112952869, 4.233948858169618, 3.7970635321982704, 4.251015178961884, 3.236475576366659, 3.286050957023974, 3.11915469164416, 3.8397547281022812, 3.4608932866046738, 3.3604281712487394, 3.569884112224326, 3.3747452922553207, 2.8194682352286153, 3.872982738301125, 5.3204303086961415, 3.0349054288189765, 3.6615916506825434, 2.5593120149478477, 3.0870767568358364, 3.731431068832794, 5.898983880060144, 6.833469172125915, 3.295500304957159, 3.1276545821205954, 3.6786265855318274, 3.7793163166331323, 3.427039361535909, 3.3456668717812827, 4.221873505858111, 2.6605360868116166, 3.3521282049929426, 4.393570410397055, 2.851386428783175, 4.192139797447706, 3.9009336871172517, 4.29615558803152, 9.062209274968263, 2.3593748965329895, 1.9288382578655485, 2.7289105825173277, 1.329811739414504, 2.131273656862539, 1.9731975809165003, 2.171718450736629, 1.933751327609494, 4.2959822404390575, 3.493338619874294]}