{"mean": [37.52, 49.10846153846154, 39.14661538461539, 43.86507692307692, 31.50769230769231, 39.335692307692305, 34.12107692307692, 38.311076923076925, 32.47969230769231, 49.31138461538462, 30.53153846153846, 43.18676923076923, 35.11784615384615, 33.83184615384615, 26.855076923076922, 32.34446153846154, 45.68615384615384, 35.809384615384616, 49.058, 29.657846153846155, 52.39938461538461, 25.97276923076923, 38.349384615384615, 39.263230769230766, 35.09676923076923, 27.99569230769231, 44.981846153846156, 52.88907692307692, 37.189846153846155, 35.81, 52.76461538461538, 40.968, 47.41153846153846, 39.21492307692308, 33.79784615384615, 31.253846153846155, 38.396307692307694, 48.024, 34.703538461538464, 50.94015384615385, 42.677076923076925], "std": [26.514920037884043, 31.119448617360185, 27.496683088184852, 28.849793153402032, 23.353842099928706, 22.784946175337296, 21.98011588288042, 27.299109600755898, 21.63175841703623, 32.54904880457861, 26.976458496580893, 27.716074930663076, 25.68487052376331, 25.42235602422571, 20.425638046569496, 22.86789402235701, 29.6955157294476, 27.998485748995183, 31.29933185327665, 20.42434087005824, 35.114873459587464, 19.4090390526359, 27.7075483953893, 23.91597667525541, 25.162518316409997, 19.42205676894429, 25.24827445085232, 28.90038334710229, 22.769594198762775, 23.774777682370743, 24.031376482034936, 23.478590391444516, 26.114211087261644, 24.397013538740094, 22.451713554087423, 24.028538013230317, 24.372358591033837, 27.94659813066562, 27.979777638681462, 28.67142699849761, 27.66171245731193]}